level,k,lambda_k,renormalized_c_k=lambda*5^level
4,0,0.0,0.0
4,1,0.04222592,26.391201
4,2,0.04222592,26.391201
4,3,0.20510537,128.190853
4,4,0.21022181,131.388629
4,5,0.21022181,131.388629
4,6,0.35051623,219.072642
4,7,0.35051623,219.072642
4,8,0.45459873,284.124209
4,9,0.86812125,542.575778
4,10,0.87974227,549.83892
4,11,0.87974227,549.83892
4,12,0.98460988,615.381175
4,13,0.98597009,616.231304
4,14,0.98597009,616.231304
4,15,1.29679638,810.497738
4,16,1.37727811,860.79882
4,17,1.37727811,860.79882
4,18,1.60739734,1004.623339
4,19,1.68562621,1053.516381
4,20,1.68562621,1053.516381
4,21,2.11407524,1321.297026
4,22,2.11407524,1321.297026
4,23,2.14608454,1341.302836
4,24,2.17253558,1357.834739
4,25,2.17253558,1357.834739
4,26,2.38068714,1487.929463
4,27,2.61344815,1633.405092
4,28,2.69983086,1687.39429
4,29,2.69983086,1687.39429
4,30,3.05222593,1907.641205
4,31,3.08427718,1927.67324
4,32,3.08427718,1927.67324
4,33,3.13583887,1959.899294
4,34,3.13815337,1961.345857
4,35,3.13815337,1961.345857
4,36,3.21084832,2006.780202
4,37,3.21084832,2006.780202
4,38,3.23114481,2019.465503
4,39,3.23388202,2021.176261
4,40,3.28375476,2052.346724
4,41,3.28375476,2052.346724
4,42,3.75132046,2344.575285
4,43,3.75132046,2344.575285
4,44,3.77842838,2361.51774
4,45,3.90292955,2439.330968
4,46,4.05302262,2533.13914
4,47,4.05302262,2533.13914
4,48,4.1784554,2611.534627
4,49,4.1784554,2611.534627
4,50,4.30411141,2690.069633
4,51,4.36309498,2726.934362
4,52,4.36309498,2726.934362
4,53,4.64565086,2903.531788
4,54,4.6494853,2905.928312
4,55,4.88154886,3050.968039
4,56,4.88154886,3050.968039
4,57,5.07187597,3169.92248
4,58,5.12282189,3201.763682
4,59,5.12282189,3201.763682
4,60,5.22720928,3267.005802
4,61,5.22887391,3268.046192
4,62,5.22887391,3268.046192
4,63,5.2653086,3290.817873
4,64,5.29173069,3307.331683
4,65,5.29173069,3307.331683
4,66,5.37873073,3361.706706
4,67,5.37873073,3361.706706
4,68,5.42783219,3392.395116
4,69,5.43992765,3399.95478
4,70,5.62347826,3514.673911
4,71,5.62347826,3514.673911
4,72,5.7809456,3613.090998
4,73,5.7809456,3613.090998
4,74,5.83497744,3646.860901
4,75,5.83497744,3646.860901
4,76,5.92195819,3701.223868
4,77,5.92605875,3703.786718
4,78,5.99167075,3744.794218
4,79,5.99167075,3744.794218
4,80,6.0,3750.0
4,81,6.0,3750.0
4,82,6.0,3750.0
4,83,6.0,3750.0
4,84,6.0,3750.0
4,85,6.0,3750.0
4,86,6.0,3750.0
4,87,6.0,3750.0
4,88,6.0,3750.0
4,89,6.0,3750.0
4,90,6.0,3750.0
4,91,6.0,3750.0
4,92,6.0,3750.0
4,93,6.22114171,3888.21357
4,94,6.2290301,3893.143814
4,95,6.2290301,3893.143814
4,96,6.67904434,4174.40271
4,97,6.73211696,4207.573099
4,98,6.73211696,4207.573099
4,99,6.90182227,4313.638921
4,100,6.90243571,4314.022318
4,101,6.90243571,4314.022318
4,102,6.90592013,4316.200083
4,103,6.90592013,4316.200083
4,104,6.90739273,4317.120457
4,105,7.66812823,4792.580142
4,106,7.66812823,4792.580142
4,107,7.66823777,4792.648607
4,108,7.70757885,4817.236783
4,109,7.70757885,4817.236783
4,110,7.71775887,4823.599292
4,111,7.72888409,4830.552557
4,112,7.72888409,4830.552557
4,113,7.73549028,4834.681426
4,114,7.76253813,4851.586333
4,115,7.76256136,4851.600847
4,116,7.76256136,4851.600847
4,117,7.77377565,4858.609783
4,118,7.79964992,4874.781198
4,119,7.79964992,4874.781198
4,120,7.84796711,4904.979441
4,121,7.84796711,4904.979441
4,122,7.86208172,4913.801074
5,0,-0.0,-0.0
5,1,0.00855678,26.739941
5,2,0.00855678,26.739941
5,3,0.04253655,132.926722
5,4,0.04284972,133.905367
5,5,0.04284972,133.905367
5,6,0.06999498,218.7343
5,7,0.06999498,218.7343
5,8,0.08954619,279.831833
5,9,0.2084721,651.475316
5,10,0.20906261,653.320665
5,11,0.20906261,653.320665
5,12,0.2154872,673.397486
5,13,0.21550241,673.445033
5,14,0.21550241,673.445033
5,15,0.27622748,863.210889
5,16,0.30381872,949.433495
5,17,0.30381872,949.433495
5,18,0.35282445,1102.576412
5,19,0.35522955,1110.092334
5,20,0.35522955,1110.092334
5,21,0.43694401,1365.450028
5,22,0.43694401,1365.450028
5,23,0.45421152,1419.411009
5,24,0.45467715,1420.866085
5,25,0.45467715,1420.866085
5,26,0.46195439,1443.607465
5,27,0.87577335,2736.791732
5,28,0.8760285,2737.589047
5,29,0.8760285,2737.589047
5,30,0.98375053,3074.220391
5,31,0.98437389,3076.168398
5,32,0.98437389,3076.168398
5,33,0.98530769,3079.086534
5,34,0.98530769,3079.086534
5,35,0.98550109,3079.690897
5,36,0.98625071,3082.033469
5,37,0.98632071,3082.252222
5,38,0.98632071,3082.252222
5,39,0.98634861,3082.339421
5,40,0.98692618,3084.144306
5,41,0.98692618,3084.144306
5,42,1.26607425,3956.48204
5,43,1.29136342,4035.510692
5,44,1.29136342,4035.510692
5,45,1.29985601,4062.050018
5,46,1.29985601,4062.050018
5,47,1.30051812,4064.119126
5,48,1.39206252,4350.195386
5,49,1.41077081,4408.658788
5,50,1.41077081,4408.658788
5,51,1.51374963,4730.467597
5,52,1.51374963,4730.467597
5,53,1.59432074,4982.252326
5,54,1.66077913,5189.934773
5,55,1.67783074,5243.221067
5,56,1.67783074,5243.221067
5,57,1.73737756,5429.304883
5,58,1.73874836,5433.588629
5,59,1.73874836,5433.588629
5,60,2.00531938,6266.623058
5,61,2.04968715,6405.272344
5,62,2.04968715,6405.272344
5,63,2.12383459,6636.983107
5,64,2.13002259,6656.320608
5,65,2.13002259,6656.320608
5,66,2.14312597,6697.268641
5,67,2.14312597,6697.268641
5,68,2.14514688,6703.583997
5,69,2.1475854,6711.204367
5,70,2.1475854,6711.204367
5,71,2.1650227,6765.695923
5,72,2.18638714,6832.459809
5,73,2.21621909,6925.684662
5,74,2.21621909,6925.684662
5,75,2.36818689,7400.584047
5,76,2.36818689,7400.584047
5,77,2.37651947,7426.623332
5,78,2.39835623,7494.86323
5,79,2.39835623,7494.86323
5,80,2.44823447,7650.732734
5,81,2.67045948,8345.185878
5,82,2.67883303,8371.353231
5,83,2.67883303,8371.353231
5,84,3.01778728,9430.58524
5,85,3.03782592,9493.20601
5,86,3.03782592,9493.20601
5,87,3.07128149,9597.754669
5,88,3.07128149,9597.754669
5,89,3.07933695,9622.92797
5,90,3.08354519,9636.078709
5,91,3.08354519,9636.078709
5,92,3.08479139,9639.9731
5,93,3.12431597,9763.487394
5,94,3.1302097,9781.905307
5,95,3.1302097,9781.905307
5,96,3.13571527,9799.110214
5,97,3.13571527,9799.110214
5,98,3.13717105,9803.65954
5,99,3.15045389,9845.1684
5,100,3.15343298,9854.478073
5,101,3.15343298,9854.478073
5,102,3.15431084,9857.221389
5,103,3.1754148,9923.171258
5,104,3.1754148,9923.171258
5,105,3.20931378,10029.105562
5,106,3.20931378,10029.105562
5,107,3.21006894,10031.465442
5,108,3.21259545,10039.360787
5,109,3.22095319,10065.478717
5,110,3.22095319,10065.478717
5,111,3.24436209,10138.631522
5,112,3.24436209,10138.631522
5,113,3.24957414,10154.919182
5,114,3.24957414,10154.919182
5,115,3.26847416,10213.981736
5,116,3.26996283,10218.633848
5,117,3.28527386,10266.480799
5,118,3.28884638,10277.644942
5,119,3.28884638,10277.644942
5,120,3.28908273,10278.383524
5,121,3.29721658,10303.80181
5,122,3.29721658,10303.80181
5,123,3.7148198,11608.81188
5,124,3.71627875,11613.371086
5,125,3.71627875,11613.371086
5,126,3.76696983,11771.780716
5,127,3.77863252,11808.226629
5,128,3.77863252,11808.226629
5,129,3.81163645,11911.363919
5,130,3.81163645,11911.363919
5,131,3.81727159,11928.973717
5,132,3.88778066,12149.314552
5,133,3.88778066,12149.314552
5,134,3.97187047,12412.095228
5,135,4.01018799,12531.83748
5,136,4.08648195,12770.256097
5,137,4.08648195,12770.256097
5,138,4.14775379,12961.730587
5,139,4.16393511,13012.297222
5,140,4.16393511,13012.297222
5,141,4.18926869,13091.464656
5,142,4.18926869,13091.464656
5,143,4.18974002,13092.937552
5,144,4.22644825,13207.650766
5,145,4.23724423,13241.388206
5,146,4.23724423,13241.388206
5,147,4.30298854,13446.839195
5,148,4.31097646,13471.801436
5,149,4.31097646,13471.801436
5,150,4.3283908,13526.221235
5,151,4.3283908,13526.221235
5,152,4.41990498,13812.203073
5,153,4.42496187,13828.005854
5,154,4.55448451,14232.764098
5,155,4.55448451,14232.764098
5,156,4.66125765,14566.430159
5,157,4.66125765,14566.430159
5,158,4.69874731,14683.585359
5,159,4.69874731,14683.585359
5,160,4.72838678,14776.208676
5,161,4.82514958,15078.592426
5,162,4.82935031,15091.719703
5,163,4.93538875,15423.089832
5,164,4.93538875,15423.089832
5,165,5.05248053,15789.001641
5,166,5.06673017,15833.531783
5,167,5.06673017,15833.531783
5,168,5.08956823,15904.900732
5,169,5.0898362,15905.73812
5,170,5.0898362,15905.73812
5,171,5.1605791,16126.809674
5,172,5.1605791,16126.809674
5,173,5.16724697,16147.646797
5,174,5.21352187,16292.255833
5,175,5.22765838,16336.43244
5,176,5.22765838,16336.43244
5,177,5.22835425,16338.607035
5,178,5.22835425,16338.607035
5,179,5.22847638,16338.988685
5,180,5.23006522,16343.953797
5,181,5.23736836,16366.776114
5,182,5.23736836,16366.776114
5,183,5.25283287,16415.102731
5,184,5.26030904,16438.465735
5,185,5.26030904,16438.465735
5,186,5.28033804,16501.056377
5,187,5.28033804,16501.056377
5,188,5.282042,16506.381253
5,189,5.29835268,16557.352125
5,190,5.29835268,16557.352125
5,191,5.30522082,16578.815061
5,192,5.30856692,16589.27164
5,193,5.35578921,16736.841268
5,194,5.35578921,16736.841268
5,195,5.37702011,16803.187843
5,196,5.37822104,16806.940739
5,197,5.37822104,16806.940739
5,198,5.38108739,16815.898097
5,199,5.401314,16879.106243
5,200,5.401314,16879.106243
5,201,5.4729231,17102.884698
5,202,5.4729231,17102.884698
5,203,5.50925325,17216.416403
5,204,5.50925325,17216.416403
5,205,5.57619099,17425.596852
5,206,5.58899724,17465.61638
5,207,5.6265229,17582.884063
5,208,5.67552749,17736.023415
5,209,5.67552749,17736.023415
5,210,5.72288184,17884.00574
5,211,5.75815478,17994.233699
5,212,5.75815478,17994.233699
5,213,5.80990375,18155.949222
5,214,5.8129883,18165.58845
5,215,5.8129883,18165.58845
5,216,5.81934708,18185.459627
5,217,5.82737006,18210.531429
5,218,5.82737006,18210.531429
5,219,5.84874001,18277.312539
5,220,5.84933125,18279.160166
5,221,5.85205855,18287.682965
5,222,5.85205855,18287.682965
5,223,5.90276517,18446.141164
5,224,5.90276517,18446.141164
5,225,5.94830316,18588.447364
5,226,5.94830316,18588.447364
5,227,5.96204125,18631.37891
5,228,5.96204125,18631.37891
5,229,5.98134934,18691.716673
5,230,5.98197434,18693.669825
5,231,5.99797478,18743.671201
5,232,5.99797478,18743.671201
5,233,6.0,18750.0
5,234,6.0,18750.0
5,235,6.0,18750.0
5,236,6.0,18750.0
5,237,6.0,18750.0
5,238,6.0,18750.0
5,239,6.0,18750.0
5,240,6.0,18750.0
5,241,6.0,18750.0
5,242,6.0,18750.0
5,243,6.0,18750.0
5,244,6.0,18750.0
5,245,6.0,18750.0
5,246,6.0,18750.0
5,247,6.0,18750.0
5,248,6.0,18750.0
5,249,6.0,18750.0
5,250,6.0,18750.0
5,251,6.0,18750.0
5,252,6.0,18750.0
5,253,6.0,18750.0
5,254,6.0,18750.0
5,255,6.0,18750.0
5,256,6.0,18750.0
5,257,6.0,18750.0
5,258,6.0,18750.0
5,259,6.0,18750.0
5,260,6.0,18750.0
5,261,6.0,18750.0
5,262,6.0,18750.0
5,263,6.0,18750.0
5,264,6.0,18750.0
5,265,6.0,18750.0
5,266,6.0,18750.0
5,267,6.0,18750.0
5,268,6.0,18750.0
5,269,6.0,18750.0
5,270,6.0,18750.0
5,271,6.0,18750.0
5,272,6.0,18750.0
5,273,6.21715049,19428.595284
5,274,6.21984397,19437.012399
5,275,6.21984397,19437.012399
5,276,6.22632217,19457.256789
5,277,6.22632217,19457.256789
5,278,6.22807772,19462.742888
5,279,6.22903296,19465.727996
5,280,6.22903409,19465.731541
5,281,6.22903409,19465.731541
5,282,6.67897899,20871.80934
5,283,6.67902822,20871.963183
5,284,6.67902822,20871.963183
5,285,6.71495695,20984.240477
5,286,6.71532041,20985.376267
5,287,6.71532041,20985.376267
5,288,6.73211744,21037.867009
5,289,6.7321181,21037.869058
5,290,6.7321181,21037.869058
5,291,6.73213044,21037.907622
5,292,6.73220016,21038.125495
5,293,6.73220016,21038.125495
5,294,6.90221129,21569.410278
5,295,6.90228917,21569.653662
5,296,6.90228917,21569.653662
5,297,6.90298598,21571.83118
5,298,6.90298598,21571.83118
5,299,6.90299216,21571.850508
5,300,6.90393028,21574.782128
5,301,6.9042866,21575.895624
5,302,6.9042866,21575.895624
5,303,6.90615287,21581.727727
5,304,6.90639605,21582.487651
5,305,6.90639605,21582.487651
5,306,6.9073745,21585.545304
5,307,6.90738536,21585.579243
5,308,6.90738536,21585.579243
5,309,6.90879853,21589.995406
5,310,6.90879853,21589.995406
5,311,6.90948536,21592.141765
5,312,7.66816473,23963.014792
5,313,7.66816488,23963.015256
5,314,7.66816488,23963.015256
5,315,7.7041315,24075.410927
5,316,7.7041315,24075.410927
5,317,7.70436681,24076.146284
5,318,7.70650927,24082.841482
5,319,7.70754269,24086.07092
5,320,7.70754269,24086.07092
5,321,7.70825855,24088.307969
5,322,7.70901605,24090.67515
5,323,7.70901605,24090.67515
5,324,7.71571336,24111.604246
5,325,7.71571336,24111.604246
5,326,7.72051144,24126.598244
5,327,7.72127439,24128.982468
5,328,7.72616264,24144.258238
5,329,7.72616264,24144.258238
5,330,7.72985482,24155.796307
5,331,7.73022112,24156.941013
5,332,7.73022112,24156.941013
5,333,7.73361651,24167.551604
5,334,7.73361651,24167.551604
5,335,7.73386172,24168.317883
5,336,7.73651031,24176.594712
5,337,7.73651031,24176.594712
5,338,7.73996857,24187.401771
5,339,7.76254033,24257.938535
5,340,7.76254033,24257.938535
5,341,7.7625598,24257.999379
5,342,7.76256922,24258.028825
5,343,7.76256922,24258.028825
5,344,7.76260143,24258.129476
5,345,7.76526922,24266.466327
5,346,7.7709995,24284.373431
5,347,7.7709995,24284.373431
5,348,7.78826391,24338.324722
5,349,7.78826391,24338.324722
5,350,7.79577035,24361.782341
5,351,7.79965268,24373.914615
5,352,7.79965391,24373.918481
5,353,7.79965391,24373.918481
5,354,7.80652763,24395.398845
5,355,7.80875644,24402.363874
5,356,7.80875644,24402.363874
5,357,7.84796773,24524.899157
5,358,7.84796786,24524.899571
5,359,7.84796786,24524.899571
5,360,7.85081279,24533.78998
5,361,7.85540685,24548.1464
5,362,7.85540685,24548.1464
5,363,7.86442019,24576.313107
5,364,7.86442019,24576.313107
5,365,7.86773879,24586.683723
6,0,-0.0,-0.0
6,1,0.00171832,26.848735
6,2,0.00171832,26.848735
6,3,0.00857714,134.017738
6,4,0.00859753,134.33636
6,5,0.00859753,134.33636
6,6,0.01396438,218.193454
6,7,0.01396438,218.193454
6,8,0.01779313,278.01765
6,9,0.04274457,667.88384
6,10,0.04277947,668.429144
6,11,0.04277947,668.429144
6,12,0.04316658,674.477823
6,13,0.04316676,674.480674
6,14,0.04316676,674.480674
6,15,0.05499478,859.293488
6,16,0.0607233,948.801543
6,17,0.0607233,948.801543
6,18,0.07011492,1095.545658
6,19,0.07023576,1097.433682
6,20,0.07023576,1097.433682
6,21,0.0853192,1333.112509
6,22,0.0853192,1333.112509
6,23,0.08952979,1398.902982
6,24,0.08954669,1399.166962
6,25,0.08954669,1399.166962
6,26,0.0898025,1403.164086
6,27,0.20886441,3263.50645
6,28,0.20887328,3263.644927
6,29,0.20887328,3263.644927
6,30,0.21547767,3366.838628
6,31,0.21548452,3366.945594
6,32,0.21548452,3366.945594
6,33,0.21549507,3367.110466
6,34,0.21549507,3367.110466
6,35,0.2154976,3367.150005
6,36,0.21550506,3367.266559
6,37,0.21550607,3367.282412
6,38,0.21550607,3367.282412
6,39,0.21550646,3367.288374
6,40,0.21551222,3367.378501
6,41,0.21551222,3367.378501
6,42,0.27504451,4297.57043
6,43,0.27622583,4316.028643
6,44,0.27622583,4316.028643
6,45,0.27632246,4317.538479
6,46,0.2815646,4399.446857
6,47,0.2815646,4399.446857
6,48,0.30451623,4758.066129
6,49,0.30524128,4769.395018
6,50,0.30524128,4769.395018
6,51,0.3223809,5037.201595
6,52,0.3223809,5037.201595
6,53,0.3338178,5215.903086
6,54,0.35444073,5538.136469
6,55,0.3547542,5543.034429
6,56,0.3547542,5543.034429
6,57,0.35734649,5583.538941
6,58,0.35735679,5583.699766
6,59,0.35735679,5583.699766
6,60,0.41259936,6446.865017
6,61,0.42206198,6594.718374
6,62,0.42206198,6594.718374
6,63,0.4372014,6831.271902
6,64,0.43746738,6835.427751
6,65,0.43746738,6835.427751
6,66,0.45406109,7094.704572
6,67,0.45406109,7094.704572
6,68,0.45418293,7096.608345
6,69,0.45429548,7098.366822
6,70,0.45429548,7098.366822
6,71,0.45467779,7104.340534
6,72,0.45468365,7104.432081
6,73,0.4546861,7104.47039
6,74,0.4546861,7104.47039
6,75,0.45826149,7160.335814
6,76,0.45826149,7160.335814
6,77,0.46169212,7213.93934
6,78,0.46198444,7218.506831
6,79,0.46198444,7218.506831
6,80,0.46322346,7237.866632
6,81,0.87594337,13686.615122
6,82,0.87594349,13686.617042
6,83,0.87594349,13686.617042
6,84,0.98340145,15365.647593
6,85,0.98361622,15369.00339
6,86,0.98361622,15369.00339
6,87,0.98408757,15376.368281
6,88,0.98408757,15376.368281
6,89,0.98427431,15379.286091
6,90,0.98438109,15380.954521
6,91,0.98438154,15380.961618
6,92,0.98438154,15380.961618
6,93,0.98518195,15393.468042
6,94,0.98530169,15395.338856
6,95,0.98530169,15395.338856
6,96,0.98530916,15395.455672
6,97,0.9853707,15396.417181
6,98,0.9853707,15396.417181
6,99,0.98537324,15396.456864
6,100,0.98549809,15398.407636
6,101,0.98549809,15398.407636
6,102,0.98565188,15400.81069
6,103,0.98565188,15400.81069
6,104,0.98574811,15402.314184
6,105,0.98628812,15410.751907
6,106,0.98628812,15410.751907
6,107,0.98631184,15411.122567
6,108,0.986326,15411.343735
6,109,0.9863318,15411.434323
6,110,0.9863318,15411.434323
6,111,0.98640374,15412.55841
6,112,0.98640374,15412.55841
6,113,0.98661224,15415.8162
6,114,0.98661317,15415.830776
6,115,0.98661317,15415.830776
6,116,0.98671037,15417.349578
6,117,0.98701186,15422.060287
6,118,0.98701812,15422.158167
6,119,0.98701812,15422.158167
6,120,0.98703531,15422.426691
6,121,0.98715756,15424.336834
6,122,0.98715756,15424.336834
6,123,1.261004,19703.187541
6,124,1.26549257,19773.321421
6,125,1.26549257,19773.321421
6,126,1.26737984,19802.810078
6,127,1.26836637,19818.224493
6,128,1.26836637,19818.224493
6,129,1.29246933,20194.833221
6,130,1.29406328,20219.738793
6,131,1.29406328,20219.738793
6,132,1.29655476,20258.668137
6,133,1.29788551,20279.461073
6,134,1.29788551,20279.461073
6,135,1.30061864,20322.166221
6,136,1.30066423,20322.87862
6,137,1.30066423,20322.87862
6,138,1.30088706,20326.360281
6,139,1.30146603,20335.406719
6,140,1.30146603,20335.406719
6,141,1.32571743,20714.334801
6,142,1.32571743,20714.334801
6,143,1.34429494,21004.608392
6,144,1.40406881,21938.575215
6,145,1.40691062,21982.978438
6,146,1.40691062,21982.978438
6,147,1.42968355,22338.805417
6,148,1.42995334,22343.020973
6,149,1.42995334,22343.020973
6,150,1.47651854,23070.602192
6,151,1.48829912,23254.673823
6,152,1.48829912,23254.673823
6,153,1.52193793,23780.280094
6,154,1.53169104,23932.672438
6,155,1.53169104,23932.672438
6,156,1.58919154,24831.117799
6,157,1.58919154,24831.117799
6,158,1.59416302,24908.797208
6,159,1.59542269,24928.479577
6,160,1.59542269,24928.479577
6,161,1.61033996,25161.561934
6,162,1.67242123,26131.581656
6,163,1.67363396,26150.53059
6,164,1.67363396,26150.53059
6,165,1.73652554,27133.211553
6,166,1.73715207,27143.001169
6,167,1.73715207,27143.001169
6,168,1.73807207,27157.376069
6,169,1.73807207,27157.376069
6,170,1.73823475,27159.917938
6,171,1.73907346,27173.022837
6,172,1.73912111,27173.767364
6,173,1.73912111,27173.767364
6,174,1.73914481,27174.137682
6,175,1.73977417,27183.971346
6,176,1.73977417,27183.971346
6,177,1.99302532,31141.020653
6,178,2.00459721,31321.831364
6,179,2.00459721,31321.831364
6,180,2.00623147,31347.366667
6,181,2.008367,31380.734441
6,182,2.008367,31380.734441
6,183,2.05540378,32115.684006
6,184,2.06148389,32210.685785
6,185,2.06148389,32210.685785
6,186,2.09527086,32738.607162
6,187,2.09527086,32738.607162
6,188,2.11473136,33042.677537
6,189,2.12786495,33247.889906
6,190,2.12849305,33257.703846
6,191,2.12849305,33257.703846
6,192,2.13497307,33358.954251
6,193,2.13681001,33387.656374
6,194,2.13681001,33387.656374
6,195,2.14239755,33474.961774
6,196,2.14239755,33474.961774
6,197,2.14315221,33486.753321
6,198,2.14323318,33488.018392
6,199,2.14420211,33503.158019
6,200,2.14420211,33503.158019
6,201,2.14514363,33517.869286
6,202,2.14514363,33517.869286
6,203,2.14561473,33525.230089
6,204,2.14795561,33561.806395
6,205,2.14835889,33568.107643
6,206,2.14835889,33568.107643
6,207,2.14962063,33587.822332
6,208,2.14962063,33587.822332
6,209,2.15016243,33596.288036
6,210,2.16363486,33806.794719
6,211,2.16363486,33806.794719
6,212,2.16577572,33840.245605
6,213,2.16929194,33895.186625
6,214,2.16929194,33895.186625
6,215,2.1876625,34182.226498
6,216,2.2058682,34466.690564
6,217,2.21694865,34639.822667
6,218,2.21694865,34639.822667
6,219,2.22760993,34806.405137
6,220,2.2291783,34830.910977
6,221,2.2291783,34830.910977
6,222,2.32258838,36290.443445
6,223,2.34065562,36572.744099
6,224,2.34065562,36572.744099
6,225,2.37074349,37042.867016
6,226,2.372467,37069.796803
6,227,2.372467,37069.796803
6,228,2.37658884,37134.200609
6,229,2.37658884,37134.200609
6,230,2.37679269,37137.385753
6,231,2.38080064,37200.010075
6,232,2.38080064,37200.010075
6,233,2.39103154,37359.867886
6,234,2.40165336,37525.833702
6,235,2.40836826,37630.754034
6,236,2.40836826,37630.754034
6,237,2.44466057,38197.821349
6,238,2.44538975,38209.214785
6,239,2.44538975,38209.214785
6,240,2.45845607,38413.376161
6,241,2.45845607,38413.376161
6,242,2.46815545,38564.928897
6,243,2.67607156,41813.618071
6,244,2.67616071,41815.011047
6,245,2.67616071,41815.011047
6,246,3.00404395,46938.186747
6,247,3.01113756,47049.024335
6,248,3.01113756,47049.024335
6,249,3.02739663,47303.07239
6,250,3.02739663,47303.07239
6,251,3.03459501,47415.547062
6,252,3.03664887,47447.638603
6,253,3.03682522,47450.39411
6,254,3.03682522,47450.39411
6,255,3.06547332,47898.020656
6,256,3.06770913,47932.955143
6,257,3.06770913,47932.955143
6,258,3.07145526,47991.48842
6,259,3.07167369,47994.901428
6,260,3.07228007,48004.376102
6,261,3.07228007,48004.376102
6,262,3.07366792,48026.061194
6,263,3.07366792,48026.061194
6,264,3.07932911,48114.517268
6,265,3.07932911,48114.517268
6,266,3.08193145,48155.178959
6,267,3.08250842,48164.194047
6,268,3.08295853,48171.227002
6,269,3.08295853,48171.227002
6,270,3.08507077,48204.230771
6,271,3.08507077,48204.230771
6,272,3.08587039,48216.724789
6,273,3.12072906,48761.391569
6,274,3.12300487,48796.951167
6,275,3.12300487,48796.951167
6,276,3.12734136,48864.708699
6,277,3.12734136,48864.708699
6,278,3.12836805,48880.750817
6,279,3.13141298,48928.327746
6,280,3.13141298,48928.327746
6,281,3.13169246,48932.694612
6,282,3.13249164,48945.181887
6,283,3.13532192,48989.404927
6,284,3.13532192,48989.404927
6,285,3.13574761,48996.056382
6,286,3.13590947,48998.585411
6,287,3.13590947,48998.585411
6,288,3.13679339,49012.39675
6,289,3.14118681,49081.043879
6,290,3.14118681,49081.043879
6,291,3.14674556,49167.899435
6,292,3.14729218,49176.440329
6,293,3.14729218,49176.440329
6,294,3.15315702,49268.078388
6,295,3.15315702,49268.078388
6,296,3.15326821,49269.815859
6,297,3.15349224,49273.316255
6,298,3.1535244,49273.818812
6,299,3.1535244,49273.818812
6,300,3.15694162,49327.212819
6,301,3.15694162,49327.212819
6,302,3.16137798,49396.530932
6,303,3.16137798,49396.530932
6,304,3.16867744,49510.584971
6,305,3.16907783,49516.841059
6,306,3.17748466,49648.197853
6,307,3.1781869,49659.17028
6,308,3.1781869,49659.17028
6,309,3.17860138,49665.646503
6,310,3.1823345,49723.976514
6,311,3.1823345,49723.976514
6,312,3.20874669,50136.667
6,313,3.20878649,50137.288929
6,314,3.20878649,50137.288929
6,315,3.20953612,50149.001923
6,316,3.20995184,50155.497446
6,317,3.20995184,50155.497446
6,318,3.21094403,50171.000467
6,319,3.21094403,50171.000467
6,320,3.21248828,50195.129404
6,321,3.21248828,50195.129404
6,322,3.21378405,50215.375707
6,323,3.21739172,50271.745638
6,324,3.21767614,50276.189638
6,325,3.22484005,50388.125809
6,326,3.22484005,50388.125809
6,327,3.23567721,50557.456341
6,328,3.23888546,50607.585294
6,329,3.23888546,50607.585294
6,330,3.24667499,50729.296727
6,331,3.24698475,50734.136664
6,332,3.24698475,50734.136664
6,333,3.24729005,50738.907033
6,334,3.24843228,50756.754419
6,335,3.24843228,50756.754419
6,336,3.25164326,50806.92596
6,337,3.25164326,50806.92596
6,338,3.25266269,50822.854497
6,339,3.25370648,50839.16375
6,340,3.26423899,51003.734236
6,341,3.26423899,51003.734236
6,342,3.27218308,51127.860585
6,343,3.27218308,51127.860585
6,344,3.27473326,51167.707232
6,345,3.27473326,51167.707232
6,346,3.27704321,51203.80016
6,347,3.28013115,51252.049194
6,348,3.28558886,51337.325935
6,349,3.28558886,51337.325935
6,350,3.28743595,51366.186743
6,351,3.28891474,51389.29277
6,352,3.28891474,51389.29277
6,353,3.28892373,51389.433333
6,354,3.28998367,51405.994886
6,355,3.28998367,51405.994886
6,356,3.29101699,51422.140421
6,357,3.29199984,51437.497445
6,358,3.29575461,51496.165708
6,359,3.29575461,51496.165708
6,360,3.29726743,51519.803536
6,361,3.29726743,51519.803536
6,362,3.2978718,51529.246922
6,363,3.29823346,51534.897802
6,364,3.29886559,51544.774824
6,365,3.29886559,51544.774824
6,366,3.7015328,57836.449954
6,367,3.70267375,57854.2774
6,368,3.70267375,57854.2774
6,369,3.71556373,58055.683249
6,370,3.71556373,58055.683249
6,371,3.71894554,58108.524083
6,372,3.72166018,58150.940345
6,373,3.72520753,58206.3676
6,374,3.72520753,58206.3676
6,375,3.74590784,58529.810016
6,376,3.74590784,58529.810016
6,377,3.75438518,58662.268499
6,378,3.77723117,59019.237078
6,379,3.78314334,59111.614621
6,380,3.78314334,59111.614621
6,381,3.79585228,59310.191826
6,382,3.79585228,59310.191826
6,383,3.79707628,59329.316901
6,384,3.80149542,59398.365956
6,385,3.80873562,59511.494019
6,386,3.80873562,59511.494019
6,387,3.81944809,59678.876461
6,388,3.81944809,59678.876461
6,389,3.82124184,59706.903677
6,390,3.83027437,59848.037031
6,391,3.83347262,59898.009676
6,392,3.83347262,59898.009676
6,393,3.86560634,60400.099075
6,394,3.86560634,60400.099075
6,395,3.88344634,60678.84911
6,396,3.90785184,61060.185015
6,397,3.94455308,61633.641881
6,398,3.94455308,61633.641881
6,399,3.97468505,62104.453863
6,400,3.97468505,62104.453863
6,401,3.99063954,62353.742805
6,402,4.00332986,62552.029022
6,403,4.00332986,62552.029022
6,404,4.04464338,63197.552735
6,405,4.065664,63525.999966
6,406,4.09825626,64035.254128
6,407,4.09825626,64035.254128
6,408,4.13731454,64645.539737
6,409,4.14329426,64738.972829
6,410,4.14329426,64738.972829
6,411,4.15078852,64856.070591
6,412,4.15078852,64856.070591
6,413,4.15543029,64928.598313
6,414,4.16821236,65128.318067
6,415,4.16821236,65128.318067
6,416,4.16975463,65152.416092
6,417,4.18888549,65451.335849
6,418,4.18889613,65451.501998
6,419,4.18889613,65451.501998
6,420,4.18918679,65456.043623
6,421,4.18946965,65460.463309
6,422,4.18946965,65460.463309
6,423,4.19871325,65604.894473
6,424,4.19871325,65604.894473
6,425,4.20615863,65721.228594
6,426,4.21622495,65878.514807
6,427,4.2240779,66001.2172
6,428,4.2240779,66001.2172
6,429,4.2319452,66124.143701
6,430,4.2319452,66124.143701
6,431,4.23274084,66136.575652
6,432,4.23951711,66242.454771
6,433,4.23951711,66242.454771
6,434,4.24142448,66272.257503
6,435,4.24268519,66291.956068
6,436,4.24992531,66405.08296
6,437,4.24992531,66405.08296
6,438,4.30135055,67208.602421
6,439,4.30400685,67250.106995
6,440,4.30400685,67250.106995
6,441,4.30989363,67342.087988
6,442,4.30989363,67342.087988
6,443,4.31016514,67346.330245
6,444,4.31097956,67359.055675
6,445,4.31099832,67359.34873
6,446,4.31099832,67359.34873
6,447,4.33046284,67663.481914
6,448,4.33046284,67663.481914
6,449,4.34415693,67877.452034
6,450,4.35411145,68032.991458
6,451,4.38893197,68577.062032
6,452,4.38893197,68577.062032
6,453,4.42445678,69132.137224
6,454,4.42445678,69132.137224
6,455,4.44050423,69382.878562
6,456,4.45303272,69578.636235
6,457,4.45303272,69578.636235
6,458,4.51835774,70599.339661
6,459,4.5258155,70715.867175
6,460,4.57562677,71494.168208
6,461,4.57562677,71494.168208
6,462,4.61818187,72159.091796
6,463,4.63090323,72357.862967
6,464,4.63090323,72357.862967
6,465,4.66013819,72814.659201
6,466,4.66138024,72834.0662
6,467,4.66138024,72834.0662
6,468,4.6616234,72837.865666
6,469,4.6713653,72990.082739
6,470,4.6713653,72990.082739
6,471,4.6809546,73139.915643
6,472,4.6809546,73139.915643
6,473,4.7098875,73591.992237
6,474,4.727408,73865.750053
6,475,4.729506,73898.531287
6,476,4.729506,73898.531287
6,477,4.74751033,74179.848957
6,478,4.79151644,74867.444366
6,479,4.79151644,74867.444366
6,480,4.83696928,75577.645063
6,481,4.83696928,75577.645063
6,482,4.85445496,75850.858783
6,483,4.85445496,75850.858783
6,484,4.86888865,76076.385225
6,485,4.91076742,76730.740965
6,486,4.91397369,76780.838978
6,487,4.95718821,77456.065801
6,488,4.95718821,77456.065801
6,489,5.05029275,78910.824262
6,490,5.05208273,78938.792729
6,491,5.05208273,78938.792729
6,492,5.05685425,79013.347716
6,493,5.05949611,79054.626762
6,494,5.05949611,79054.626762
6,495,5.06660866,79165.760383
6,496,5.06660866,79165.760383
6,497,5.06835205,79193.000841
6,498,5.07308763,79266.994174
6,499,5.07915692,79361.826945
6,500,5.07915692,79361.826945
6,501,5.08539751,79459.336081
6,502,5.08539751,79459.336081
6,503,5.0897495,79527.335928
6,504,5.11157316,79868.330686
6,505,5.1201161,80001.814023
6,506,5.1201161,80001.814023
6,507,5.15443156,80537.993141
6,508,5.15728068,80582.51066
6,509,5.15728068,80582.51066
6,510,5.15987057,80622.977633
6,511,5.16234329,80661.613956
6,512,5.16234329,80661.613956
6,513,5.16925084,80769.544352
6,514,5.18047475,80944.918025
6,515,5.18047475,80944.918025
6,516,5.20239867,81287.479253
6,517,5.20239867,81287.479253
6,518,5.20516199,81330.656018
6,519,5.22639001,81662.34395
6,520,5.22639001,81662.34395
6,521,5.22762749,81681.679506
6,522,5.22767191,81682.37361
6,523,5.22767191,81682.37361
6,524,5.22777589,81683.998228
6,525,5.22791632,81686.192433
6,526,5.22823847,81691.226046
6,527,5.22828911,81692.017413
6,528,5.22828911,81692.017413
6,529,5.22832386,81692.560287
6,530,5.22832386,81692.560287
6,531,5.2285447,81696.010957
6,532,5.22883407,81700.532363
6,533,5.22883407,81700.532363
6,534,5.23355855,81774.352391
6,535,5.23355855,81774.352391
6,536,5.23474673,81792.917691
6,537,5.23474673,81792.917691
6,538,5.23667008,81822.970024
6,539,5.23693232,81827.067432
6,540,5.24715486,81986.794651
6,541,5.24733992,81989.686278
6,542,5.24733992,81989.686278
6,543,5.25199321,82062.39387
6,544,5.25199321,82062.39387
6,545,5.25283367,82075.5261
6,546,5.25283367,82075.5261
6,547,5.25283424,82075.535013
6,548,5.25776915,82152.642931
6,549,5.2606757,82198.057835
6,550,5.26075707,82199.329152
6,551,5.26075707,82199.329152
6,552,5.27801415,82468.971145
6,553,5.28004853,82500.758223
6,554,5.28004853,82500.758223
6,555,5.28035695,82505.577268
6,556,5.28058811,82509.189238
6,557,5.28058811,82509.189238
6,558,5.28171629,82526.817087
6,559,5.28402554,82562.898996
6,560,5.28402554,82562.898996
6,561,5.28552995,82586.405519
6,562,5.28569191,82588.936157
6,563,5.28569191,82588.936157
6,564,5.29800373,82781.308296
6,565,5.29800373,82781.308296
6,566,5.29828623,82785.722266
6,567,5.29880964,82793.900602
6,568,5.30155379,82836.777935
6,569,5.30155379,82836.777935
6,570,5.31627328,83066.770011
6,571,5.31627328,83066.770011
6,572,5.3189481,83108.564095
6,573,5.3189481,83108.564095
6,574,5.34191569,83467.432647
6,575,5.34356731,83493.23922
6,576,5.35896078,83733.76212
6,577,5.359533,83742.703063
6,578,5.359533,83742.703063
6,579,5.35958213,83743.470793
6,580,5.36702155,83859.71165
6,581,5.36702155,83859.71165
6,582,5.37692624,84014.472447
6,583,5.37699081,84015.481469
6,584,5.37699081,84015.481469
6,585,5.37763511,84025.548573
6,586,5.37763511,84025.548573
6,587,5.37853424,84039.597461
6,588,5.38042648,84069.163693
6,589,5.38042648,84069.163693
6,590,5.38280245,84106.288283
6,591,5.38280245,84106.288283
6,592,5.38328225,84113.78518
6,593,5.39282524,84262.894427
6,594,5.39355874,84274.355379
6,595,5.42093842,84702.16288
6,596,5.42093842,84702.16288
6,597,5.44835935,85130.614879
6,598,5.46165137,85338.302606
6,599,5.46165137,85338.302606
6,600,5.48528737,85707.615088
6,601,5.48694301,85733.48453
6,602,5.48694301,85733.48453
6,603,5.49163644,85806.819308
6,604,5.49678252,85887.22683
6,605,5.49678252,85887.22683
6,606,5.51499368,86171.776319
6,607,5.51499368,86171.776319
6,608,5.52238288,86287.232557
6,609,5.52557734,86337.145983
6,610,5.56622364,86972.244345
6,611,5.56622364,86972.244345
6,612,5.60223585,87534.935121
6,613,5.60223585,87534.935121
6,614,5.6191499,87799.217167
6,615,5.62377918,87871.549743
6,616,5.62377918,87871.549743
6,617,5.62872808,87948.876246
6,618,5.62872808,87948.876246
6,619,5.65827602,88410.562868
6,620,5.65899053,88421.727059
6,621,5.6848694,88826.084314
6,622,5.70140728,89084.488679
6,623,5.70140728,89084.488679
6,624,5.7117595,89246.242145
6,625,5.7218888,89404.512506
6,626,5.7218888,89404.512506
6,627,5.73383897,89591.233946
6,628,5.74566397,89775.999601
6,629,5.74566397,89775.999601
6,630,5.77933277,90302.074493
6,631,5.77947792,90304.342437
6,632,5.77947792,90304.342437
6,633,5.78749447,90429.601073
6,634,5.81026035,90785.31797
6,635,5.81026035,90785.31797
6,636,5.81263921,90822.487733
6,637,5.81263921,90822.487733
6,638,5.8128329,90825.514052
6,639,5.81299157,90827.993281
6,640,5.81304449,90828.820165
6,641,5.81304449,90828.820165
6,642,5.81904365,90922.557085
6,643,5.81904365,90922.557085
6,644,5.81943808,90928.720023
6,645,5.82522669,91019.166986
6,646,5.82522669,91019.166986
6,647,5.82606392,91032.248753
6,648,5.82884411,91075.689208
6,649,5.82884411,91075.689208
6,650,5.82904185,91078.778909
6,651,5.82918654,91081.039739
6,652,5.83909644,91235.881902
6,653,5.83909644,91235.881902
6,654,5.85169165,91432.681971
6,655,5.85169165,91432.681971
6,656,5.85198554,91437.274095
6,657,5.85198554,91437.274095
6,658,5.85200649,91437.601471
6,659,5.85203922,91438.112864
6,660,5.86278877,91606.074457
6,661,5.86278877,91606.074457
6,662,5.87102202,91734.719077
6,663,5.87102202,91734.719077
6,664,5.89065989,92041.560745
6,665,5.8916967,92057.760885
6,666,5.91451406,92414.282112
6,667,5.91694272,92452.230014
6,668,5.91694272,92452.230014
6,669,5.92992498,92655.077887
6,670,5.93968395,92807.561699
6,671,5.93968395,92807.561699
6,672,5.95765695,93088.389902
6,673,5.95849453,93101.476995
6,674,5.96065182,93135.184611
6,675,5.96065182,93135.184611
6,676,5.96136531,93146.333036
6,677,5.96136531,93146.333036
6,678,5.9628998,93170.30938
6,679,5.9629313,93170.801516
6,680,5.96534544,93208.522502
6,681,5.96534544,93208.522502
6,682,5.97565468,93369.604306
6,683,5.97565468,93369.604306
6,684,5.98741361,93553.337591
6,685,5.98741361,93553.337591
6,686,5.99121599,93612.749884
6,687,5.99121599,93612.749884
6,688,5.9954423,93678.785945
6,689,5.99552764,93680.119315
6,690,5.99949913,93742.173865
6,691,5.99949913,93742.173865
6,692,6.0,93750.0
6,693,6.0,93750.0
6,694,6.0,93750.0
6,695,6.0,93750.0
6,696,6.0,93750.0
6,697,6.0,93750.0
6,698,6.0,93750.0
6,699,6.0,93750.0
6,700,6.0,93750.0
6,701,6.0,93750.0
6,702,6.0,93750.0
6,703,6.0,93750.0
6,704,6.0,93750.0
6,705,6.0,93750.0
6,706,6.0,93750.0
6,707,6.0,93750.0
6,708,6.0,93750.0
6,709,6.0,93750.0
6,710,6.0,93750.0
6,711,6.0,93750.0
6,712,6.0,93750.0
6,713,6.0,93750.0
6,714,6.0,93750.0
6,715,6.0,93750.0
6,716,6.0,93750.0
6,717,6.0,93750.0
6,718,6.0,93750.0
6,719,6.0,93750.0
6,720,6.0,93750.0
6,721,6.0,93750.0
6,722,6.0,93750.0
6,723,6.0,93750.0
6,724,6.0,93750.0
6,725,6.0,93750.0
6,726,6.0,93750.0
6,727,6.0,93750.0
6,728,6.0,93750.0
6,729,6.0,93750.0
6,730,6.0,93750.0
6,731,6.0,93750.0
6,732,6.0,93750.0
6,733,6.0,93750.0
6,734,6.0,93750.0
6,735,6.0,93750.0
6,736,6.0,93750.0
6,737,6.0,93750.0
6,738,6.0,93750.0
6,739,6.0,93750.0
6,740,6.0,93750.0
6,741,6.0,93750.0
6,742,6.0,93750.0
6,743,6.0,93750.0
6,744,6.0,93750.0
6,745,6.0,93750.0
6,746,6.0,93750.0
6,747,6.0,93750.0
6,748,6.0,93750.0
6,749,6.0,93750.0
6,750,6.0,93750.0
6,751,6.0,93750.0
6,752,6.0,93750.0
6,753,6.0,93750.0
6,754,6.0,93750.0
6,755,6.0,93750.0
6,756,6.0,93750.0
6,757,6.0,93750.0
6,758,6.0,93750.0
6,759,6.0,93750.0
6,760,6.0,93750.0
6,761,6.0,93750.0
6,762,6.0,93750.0
6,763,6.0,93750.0
6,764,6.0,93750.0
6,765,6.0,93750.0
6,766,6.0,93750.0
6,767,6.0,93750.0
6,768,6.0,93750.0
6,769,6.0,93750.0
6,770,6.0,93750.0
6,771,6.0,93750.0
6,772,6.0,93750.0
6,773,6.0,93750.0
6,774,6.0,93750.0
6,775,6.0,93750.0
6,776,6.0,93750.0
6,777,6.0,93750.0
6,778,6.0,93750.0
6,779,6.0,93750.0
6,780,6.0,93750.0
6,781,6.0,93750.0
6,782,6.0,93750.0
6,783,6.0,93750.0
6,784,6.0,93750.0
6,785,6.0,93750.0
6,786,6.0,93750.0
6,787,6.0,93750.0
6,788,6.0,93750.0
6,789,6.0,93750.0
6,790,6.0,93750.0
6,791,6.0,93750.0
6,792,6.0,93750.0
6,793,6.0,93750.0
6,794,6.0,93750.0
6,795,6.0,93750.0
6,796,6.0,93750.0
6,797,6.0,93750.0
6,798,6.0,93750.0
6,799,6.0,93750.0
6,800,6.0,93750.0
6,801,6.0,93750.0
6,802,6.0,93750.0
6,803,6.0,93750.0
6,804,6.0,93750.0
6,805,6.0,93750.0
6,806,6.0,93750.0
6,807,6.0,93750.0
6,808,6.0,93750.0
6,809,6.0,93750.0
6,810,6.0,93750.0
6,811,6.0,93750.0
6,812,6.0,93750.0
6,813,6.21612263,97126.91613
6,814,6.21674543,97136.647401
6,815,6.21674543,97136.647401
6,816,6.21850776,97164.183768
6,817,6.21850776,97164.183768
6,818,6.21935589,97177.435792
6,819,6.2198442,97185.065674
6,820,6.2198443,97185.067248
6,821,6.2198443,97185.067248
6,822,6.22515813,97268.095746
6,823,6.22515813,97268.095746
6,824,6.22517534,97268.364692
6,825,6.22632413,97286.314478
6,826,6.22632516,97286.330552
6,827,6.22632516,97286.330552
6,828,6.2266023,97290.661011
6,829,6.22728431,97301.317328
6,830,6.22728431,97301.317328
6,831,6.22841714,97319.017813
6,832,6.22841714,97319.017813
6,833,6.22884258,97325.665303
6,834,6.22903318,97328.643391
6,835,6.22903318,97328.643391
6,836,6.22903401,97328.656426
6,837,6.22903477,97328.668302
6,838,6.22903477,97328.668302
6,839,6.22903702,97328.703398
6,840,6.6789538,104358.653146
6,841,6.67896909,104358.892069
6,842,6.67896909,104358.892069
6,843,6.67900577,104359.465129
6,844,6.67900577,104359.465129
6,845,6.67902108,104359.704317
6,846,6.67902822,104359.815913
6,847,6.67902822,104359.815913
6,848,6.67902822,104359.815913
6,849,6.71495431,104921.16104
6,850,6.71495629,104921.19205
6,851,6.71495629,104921.19205
6,852,6.71519425,104924.910218
6,853,6.7151982,104924.971917
6,854,6.7151982,104924.971917
6,855,6.71532041,104926.881335
6,856,6.71532041,104926.881335
6,857,6.71532041,104926.88134
6,858,6.71532252,104926.914332
6,859,6.71532252,104926.914332
6,860,6.71532848,104927.007485
6,861,6.73211783,105189.341085
6,862,6.73211783,105189.341085
6,863,6.73211801,105189.343848
6,864,6.73211812,105189.345685
6,865,6.73211812,105189.345685
6,866,6.73211819,105189.346765
6,867,6.73212272,105189.417441
6,868,6.73212836,105189.505624
6,869,6.73212836,105189.505624
6,870,6.73214748,105189.804385
6,871,6.73214768,105189.807448
6,872,6.73214768,105189.807448
6,873,6.73220047,105190.632362
6,874,6.73220087,105190.63863
6,875,6.73220087,105190.63863
6,876,6.73223207,105191.126039
6,877,6.73223207,105191.126039
6,878,6.73223797,105191.218326
6,879,6.90226213,107847.845808
6,880,6.90226336,107847.864964
6,881,6.90226336,107847.864964
6,882,6.90298102,107859.078496
6,883,6.90298102,107859.078496
6,884,6.90298409,107859.126359
6,885,6.90298418,107859.127811
6,886,6.9029842,107859.128122
6,887,6.9029842,107859.128122
6,888,6.90298839,107859.193664
6,889,6.90298893,107859.202065
6,890,6.90298893,107859.202065
6,891,6.90299306,107859.266608
6,892,6.90299306,107859.266608
6,893,6.90299595,107859.311643
6,894,6.90369315,107870.205441
6,895,6.90380597,107871.968316
6,896,6.90380597,107871.968316
6,897,6.90393703,107874.016148
6,898,6.90393703,107874.016148
6,899,6.90394042,107874.069095
6,900,6.90437206,107880.813368
6,901,6.90447248,107882.382546
6,902,6.90447248,107882.382546
6,903,6.9051304,107892.662454
6,904,6.9051304,107892.662454
6,905,6.90554047,107899.069907
6,906,6.90632061,107911.259478
6,907,6.9063624,107911.912454
6,908,6.9063624,107911.912454
6,909,6.90654814,107914.814649
6,910,6.90654814,107914.814649
6,911,6.90654956,107914.836814
6,912,6.90734048,107927.19499
6,913,6.90736963,107927.650503
6,914,6.90736963,107927.650503
6,915,6.90737819,107927.784215
6,916,6.9073796,107927.806185
6,917,6.9073796,107927.806185
6,918,6.90738545,107927.897667
6,919,6.90738545,107927.897667
6,920,6.90738576,107927.902502
6,921,6.90792953,107936.398899
6,922,6.90818476,107940.386881
6,923,6.90818476,107940.386881
6,924,6.90881978,107950.309029
6,925,6.90884371,107950.683004
6,926,6.90884371,107950.683004
6,927,6.90946902,107960.453425
6,928,6.90946942,107960.45962
6,929,6.90946942,107960.45962
6,930,6.90954685,107961.669458
6,931,6.90954685,107961.669458
6,932,6.90969265,107963.947665
6,933,7.66816483,119815.075507
6,934,7.66816483,119815.075507
6,935,7.66816483,119815.075507
6,936,7.70403158,120375.493379
6,937,7.70403158,120375.493379
6,938,7.70407754,120376.211503
6,939,7.70409372,120376.464301
6,940,7.70409372,120376.464301
6,941,7.70411821,120376.84696
6,942,7.70418894,120377.952202
6,943,7.70425161,120378.931436
6,944,7.70425161,120378.931436
6,945,7.7044082,120381.378091
6,946,7.7044082,120381.378091
6,947,7.70449611,120382.751766
6,948,7.70633735,120411.521165
6,949,7.70646977,120413.59016
6,950,7.70646977,120413.59016
6,951,7.70715743,120424.334792
6,952,7.7073799,120427.810975
6,953,7.7073799,120427.810975
6,954,7.70768272,120432.542459
6,955,7.70774531,120433.52054
6,956,7.70774531,120433.52054
6,957,7.7085377,120445.901537
6,958,7.7085377,120445.901537
6,959,7.70887426,120451.160306
6,960,7.70887426,120451.160306
6,961,7.7088871,120451.36091
6,962,7.7089696,120452.650043
6,963,7.70976035,120465.005414
6,964,7.70976035,120465.005414
6,965,7.70981187,120465.810536
6,966,7.71467194,120541.748984
6,967,7.71522169,120550.338976
6,968,7.71522169,120550.338976
6,969,7.71597005,120562.031987
6,970,7.71627788,120566.841952
6,971,7.71627788,120566.841952
6,972,7.71908333,120610.677102
6,973,7.71908333,120610.677102
6,974,7.72126972,120644.839389
6,975,7.72127431,120644.91111
6,976,7.72127431,120644.91111
6,977,7.72149021,120648.284468
6,978,7.72183939,120653.740435
6,979,7.72397247,120687.069876
6,980,7.72397247,120687.069876
6,981,7.72660313,120728.173961
6,982,7.72688668,120732.604324
6,983,7.72688668,120732.604324
6,984,7.72816379,120752.559175
6,985,7.72816379,120752.559175
6,986,7.72903147,120766.116788
6,987,7.73012023,120783.1286
6,988,7.73012023,120783.1286
6,989,7.73012683,120783.231774
6,990,7.7311428,120799.106287
6,991,7.7311428,120799.106287
6,992,7.73120239,120800.037384
6,993,7.73265985,120822.810109
6,994,7.73293212,120827.064303
6,995,7.73293212,120827.064303
6,996,7.73361889,120837.795177
6,997,7.7336194,120837.803088
6,998,7.7336194,120837.803088
6,999,7.73370536,120839.146327
6,1000,7.73380593,120840.717613
6,1001,7.73380593,120840.717613
6,1002,7.73527816,120863.72123
6,1003,7.73527816,120863.72123
6,1004,7.73578805,120871.688287
6,1005,7.73651034,120882.97405
6,1006,7.73651036,120882.974302
6,1007,7.73651036,120882.974302
6,1008,7.73721932,120894.051941
6,1009,7.73779816,120903.096258
6,1010,7.73779816,120903.096258
6,1011,7.74007704,120938.703681
6,1012,7.74007704,120938.703681
6,1013,7.74034606,120942.907253
6,1014,7.76253927,121289.676135
6,1015,7.76253927,121289.676135
6,1016,7.76254187,121289.716782
6,1017,7.7625444,121289.756262
6,1018,7.76255449,121289.913883
6,1019,7.76255449,121289.913883
6,1020,7.76256233,121290.036435
6,1021,7.76256233,121290.036435
6,1022,7.76256572,121290.089383
6,1023,7.76257407,121290.219891
6,1024,7.76257872,121290.292546
6,1025,7.76257872,121290.292546
6,1026,7.76260638,121290.724651
6,1027,7.76260638,121290.724651
6,1028,7.76262028,121290.941881
6,1029,7.76313728,121299.019971
6,1030,7.76443903,121319.359833
6,1031,7.76443903,121319.359833
6,1032,7.76817575,121377.746034
6,1033,7.76817575,121377.746034
6,1034,7.76996692,121405.733129
6,1035,7.77099963,121421.8692
6,1036,7.77099967,121421.869907
6,1037,7.77099967,121421.869907
6,1038,7.78516355,121643.180447
6,1039,7.78520483,121643.825493
6,1040,7.78520483,121643.825493
6,1041,7.78826407,121691.626124
6,1042,7.78826412,121691.626808
6,1043,7.78826412,121691.626808
6,1044,7.78958493,121712.264553
6,1045,7.79165535,121744.614906
6,1046,7.79165535,121744.614906
6,1047,7.79684118,121825.64342
6,1048,7.79684118,121825.64342
6,1049,7.79878048,121855.945064
6,1050,7.79965267,121869.573006
6,1051,7.79965267,121869.573006
6,1052,7.79965385,121869.591432
6,1053,7.79965434,121869.599055
6,1054,7.79965434,121869.599055
6,1055,7.79965655,121869.633595
6,1056,7.80626782,121972.934669
6,1057,7.80647471,121976.167297
6,1058,7.80647471,121976.167297
6,1059,7.80788774,121998.245939
6,1060,7.80805195,122000.811691
6,1061,7.80805195,122000.811691
6,1062,7.80875809,122011.845093
6,1063,7.80876004,122011.875553
6,1064,7.80876004,122011.875553
6,1065,7.80894297,122014.733982
6,1066,7.80894297,122014.733982
6,1067,7.80899449,122015.538937
6,1068,7.84796765,122624.494548
6,1069,7.84796765,122624.494548
6,1070,7.84796785,122624.497727
6,1071,7.84796804,122624.50059
6,1072,7.84796804,122624.50059
6,1073,7.84796862,122624.509646
6,1074,7.84857343,122633.959904
6,1075,7.8498496,122653.899988
6,1076,7.8498496,122653.899988
6,1077,7.85295155,122702.368016
6,1078,7.85295155,122702.368016
6,1079,7.85466689,122729.170207
6,1080,7.85540703,122740.73478
6,1081,7.85540708,122740.735691
6,1082,7.85540708,122740.735691
6,1083,7.85838702,122787.297137
6,1084,7.85843818,122788.096535
6,1085,7.85843818,122788.096535
6,1086,7.86442021,122881.565769
6,1087,7.86442021,122881.565823
6,1088,7.86442021,122881.565823
6,1089,7.86510832,122892.317496
6,1090,7.8662045,122909.445276
6,1091,7.8662045,122909.445276
6,1092,7.86817936,122940.302528
6,1093,7.86817936,122940.302528
6,1094,7.86881971,122950.307981
